# Link used in the demos, avoid 404
/drafts / 301
/inbox* / 301
/trash / 301
/spam / 301

/size-snapshot https://s3.eu-central-1.amazonaws.com/mui-org-ci/artifacts/master/latest/size-snapshot.json 200

# To add when we finish work on v6
# https://next.mui.com/* https://mui.com/:splat 301!

# For links hosted in the code published on npm
/r/styles-instance-warning /getting-started/faq/#i-have-several-instances-of-styles-on-the-page 302
/r/caveat-with-refs-guide /guides/composition/#caveat-with-refs 302
/r/pseudo-classes-guide /customization/components/#state-classes 302
/r/state-classes-guide /customization/components/#state-classes 302
/r/input-component-ref-interface /components/text-fields/#integration-with-3rd-party-input-libraries 302
/r/issue-template https://codesandbox.io/s/material-ui-issue-latest-s2dsx
/r/issue-template-next https://codesandbox.io/s/material-ui-issue-next-o7xkt
/r/issue-template-latest https://codesandbox.io/s/material-ui-issue-latest-s2dsx
/r/ts-issue-template https://www.typescriptlang.org/play?#code/JYWwDg9gTgLgBAKjgQwM5wEoFNkGN4BmUEIcA5FDvmQNwBQokscA3nXHAPSdwwAWWOLhKQAdllEx0ATwgBXOHNRYAJnQC+cIiXIABEHOCcQyGFijBkAGzJ06BOaPzAIouABEsICAAoAlKzsXDwAmvJQQhAqWBpAA 302
/r/custom-component-variants /customization/components/#adding-new-component-variants
/r/x-license https://mui.com/store/items/material-ui-pro/
/r/migration-v4 /guides/migration-v4/

/x/license/ https://docs.google.com/document/d/1nkd5JP5wCefo6UwpVi6PnbTaw8DxhstkCZlfHV5ZgfI/edit?usp=sharing 301

# Legacy redirection
# Added in chronological order (the last line is the most recent one)
# To be removed 3+ years after being introduced
# 2019
/css-in-js/* /styles/:splat 301
/customization/css-in-js/ /styles/basics/ 301
/customization/overrides/ /customization/how-to-customize/ 301
/demos/selection-controls/ /components/radio-buttons/ 301
/demos/* /components/:splat 301
/getting-started/page-layout-examples/* /getting-started/templates/:splat 301
/guides/csp/ /styles/advanced/#what-is-csp-and-why-is-it-useful 301
/guides/migration-v0.x /guides/migration-v0x/ 301
/lab/about/ /components/about-the-lab/ 301
/lab/api/* /api/:splat 301
/lab/* /components/:splat 301
/layout/basics/ /guides/responsive-ui/ 301
/layout/breakpoints/ /customization/breakpoints/ 301
/layout/css-in-js/ /styles/basics/ 301
/layout/* /components/:splat 301
/page-layout-examples/* /getting-started/templates/:splat 301
/style/color/ /customization/color/ 301
/style/reboot/ /components/css-baseline/ 301
/style/typography https://v3.mui.com/style/typography/#migration-to-typography-v2 301
/style/* /components/:splat 301
/utils/modals/ /components/modal/ 301
/utils/popovers/ /components/popover/ 301
/utils/* /components/:splat 301
/api/mui-theme-provider/ /styles/api/ 301
/components/expansion-panels/ /components/accordion/ 301
/api/expansion-panel/ /api/accordion/ 301
/api/expansion-panel-actions/ /api/accordion-actions/ 301
/api/expansion-panel-details/ /api/accordion-details/ 301
/api/expansion-panel-summary/ /api/accordion-summary/ 301
# 2020
/premium-themes* https://mui.com/store/ 301
/customization/themes/ /customization/theming/ 301
https://v1-5-0.mui.com/* https://v1.mui.com/:splat 301!
https://v3-9-0.mui.com/* https://v3.mui.com/:splat 301!
/components/grid-list/ /components/image-list/ 301
/api/grid-list/ /api/image-list/ 301
/api/grid-list-tile/ /api/image-list-item/ 301
/api/grid-list-tile-bar/ /api/image-list-item-bar/ 301
/customization/components/ /customization/how-to-customize/ 301
/customization/globals/ /customization/theme-components/ 301
# 2021
/api/root-ref/ https://v4.mui.com/api/root-ref/ 301
/components/slider-styled/ /components/slider/ 301
/customization/styled/ /system/styled/ 301
/api/data-grid/x-grid/ /api/data-grid/data-grid-pro/ 301
https://next.material-ui.com/* https://mui.com/:splat 301!
https://v0.material-ui.com/* https://v0.mui.com/:splat 301!
https://v1.material-ui.com/* https://v1.mui.com/:splat 301!
https://v3.material-ui.com/* https://v3.mui.com/:splat 301!
https://v4.material-ui.com/* https://v4.mui.com/:splat 301!
/company/careers/ /careers/ 301
/discover-more/team/ /about/ 301
/api/data-grid/grid-export-csv-options/ /api/data-grid/grid-csv-export-options/ 301
# 2022
/company/about/ /about/ 301
/company/jobs/ /careers/ 301
/components/trap-focus/ /base/react-trap-focus/ 301
/api/unstable-trap-focus/ /base/api/trap-focus/ 301

## Localization
/fr/* /:splat 301
/de/* /:splat 301
/ja/* /:splat 301
/ru/* /:splat 301
/es/* /:splat 301

# Proxies

## Store
/store/* https://mui-store.netlify.app/:splat 200
/store-staging/* https://master--mui-store.netlify.app/:splat 200

## mui-x
## Unlike the store that expect to be hosted under a subfolder,
## mui-x is configured to be hosted at the root.
/api/*/ https://docs-v5--material-ui-x.netlify.app/api/:splat/ 200
/:lang/api/*/ https://docs-v5--material-ui-x.netlify.app/:lang/api/:splat/ 200
/components/* https://docs-v5--material-ui-x.netlify.app/components/:splat 200
/:lang/components/* https://docs-v5--material-ui-x.netlify.app/:lang/components/:splat 200
/_next/* https://docs-v5--material-ui-x.netlify.app/_next/:splat 200
/static/x/* https://docs-v5--material-ui-x.netlify.app/static/x/:splat 200
/x/* https://docs-v5--material-ui-x.netlify.app/x/:splat 200
/:lang/x/* https://docs-v5--material-ui-x.netlify.app/:lang/x/:splat 200
